gladly_id,bosapin_handle,shopify_question,gladly_question,shopify_answer,gladly_answer,updated_time
ZVuxP-1QQwWEsgV_K2Zpeg,Sapin-1,Quelles sont les grandeurs de sapin disponibles?,Quelles sont les grandeurs de sapin disponibles?,"<p>Nous avons toutes les grandeurs que vous voulez, en commençant par l'arbre de table, soit de 3 pieds, jusqu'à l'arbre de 12 pieds. Si vous désirez commander un sapin de plus de 10 pieds, vous devez nous contacter via le <a href=""/pages/contact?question=je-veux-commander-un-sapin-de-plus-de-10-pieds"" title=""/pages/contact?question=je-veux-commander-un-sapin-de-plus-de-10-pieds"">formulaire de contact </a>puisque ces sapins doivent faire l'objet d'une livraison spéciale dû à leur grandeur.   </p>","<div>Nous avons toutes les grandeurs que vous voulez, en commençant par l&#39;arbre de table, soit de 3 pieds, jusqu&#39;à l&#39;arbre de 12 pieds. Si vous désirez commander un sapin de plus de 10 pieds, vous devez nous contacter via le <a href=""https://www.bosapin.com/pages/contact?question=je-veux-commander-un-sapin-de-plus-de-10-pieds"" rel=""noopener noreferrer nofollow"" target=""_blank"">formulaire de contact</a> puisque ces sapins doivent faire l&#39;objet d&#39;une livraison spéciale dû à leur grandeur.</div>",2025-06-29 22:30:39.561167
gCeulcrGQuSRBSC0tJ4JBw,Sapin-2,Puis-je commander une grande quantité de sapins?,Puis-je commander une grande quantité de sapins?,"<p>Il n'y a pas de maximum quant au nombre de sapins qu'il est possible de commander. Tant que l'inventaire le permet, vous pouvez commander autant de sapins que vous le souhaitez sur le site web. Par contre, si vous effectuez une commande de plus de 20 sapins, SVP nous contacter via le <a href=""/pages/contact?question=je-veux-commander-plus-de-20-sapins"" title=""/pages/contact?question=je-veux-commander-plus-de-20-sapins"">formulaire de contact</a> également afin de valider votre date de livraison. Il est possible que nous devions déplacer votre livraison si celle-ci doit être faite avec un camion spécifique.</p>","<div>Il n&#39;y a pas de maximum quant au nombre de sapins qu&#39;il est possible de commander. Tant que l&#39;inventaire le permet, vous pouvez commander autant de sapins que vous le souhaitez sur le site web. Par contre, si vous effectuez une commande de plus de 20 sapins, SVP nous contacter via le<a href=""https://www.bosapin.com/pages/contact?question=je-veux-commander-plus-de-20-sapins"" rel=""noopener noreferrer nofollow"" target=""_blank""> formulaire de contact</a> également afin de valider votre date de livraison. Il est possible que nous devions déplacer votre livraison si celle-ci doit être faite avec un camion spécifique.</div>",2025-06-29 22:30:39.561167
wuOZWF0rSHK6soEP7PJoAg,sap-difference-type,Quelle est la différence entre chaque type de sapin?,Quelle est la différence entre chaque type de sapin?,"<p>Le sapin baumier est celui qui a la meilleure odeur et qui a les branches les plus denses (fournies). Le sapin fraser est celui qui a la meilleure rétention des épines et il a des branches plus rigides, mais sa forme est moins parfaite. Ses épines sont plus foncées que le baumier. Le cook est un croisement entre ces deux sapins, il est dense comme le baumier, mais il garde mieux ses épines que ce dernier. Il a habituellement un teint plus foncé, même parfois bleuté.</p>","<div>Le sapin baumier est celui qui a la meilleure odeur et qui a les branches les plus denses (fournies). Le sapin fraser est celui qui a la meilleure rétention des épines et il a des branches plus rigides, mais sa forme est moins parfaite. Ses épines sont plus foncées que le baumier. Le cook est un croisement entre ces deux sapins, il est dense comme le baumier, mais il garde mieux ses épines que ce dernier. Il a habituellement un teint plus foncé, même parfois bleuté.</div>",2025-06-29 22:30:39.561167
aYxLYbaLRPmasIjYXReV4w,sap-difference-qualite,"Quelles sont les différences entre les qualités de sapin? (premium, #1 #2 et Sauvageon)?","Quelles sont les différences entre les qualités de sapin? (premium, #1 #2 et Sauvageon)?","<p>Le sapin de qualité premium est le sapin le plus uniforme, il est garni et ne présente pas d'irrégularités.<br/>Le sapin de qualité #1 est un sapin cultivé et bien garni, il aura quelques légères irrégularités, mais dans son ensemble il est quand même très beau.<br/>Le sapin de qualité #2 est un sapin non régulier, il a un look plus naturel.<br/>Le sapin sauvageon est un sapin qui n'a pas été taillé, alors il est très irrégulier et il a peu de branches. </p>","<div>Le sapin de qualité premium est le sapin le plus uniforme, il est garni et ne présente pas d&#39;irrégularités.<br/>​</div><div>Le sapin de qualité #1 est un sapin cultivé et bien garni, il aura quelques légères irrégularités, mais dans son ensemble il est quand même très beau.<br/>​</div><div>Le sapin de qualité #2 est un sapin non régulier, il a un look plus naturel.<br/>​</div><div>Le sapin sauvageon est un sapin qui n&#39;a pas été taillé, alors il est très irrégulier et il a peu de branches.</div>",2025-06-29 22:30:39.561167
9wMga2iLThmnRklWGXtf-Q,sap-largeur,Quelle est la largeur d'un sapin?,Quelle est la largeur d'un sapin?,"<p>La largeur d'un sapin correspond environ à la moitié de sa hauteur. Alors, par exemple, un sapin de 6 à 7 pieds aura environ 3 à 3.5 pieds de large.</p>","<div>La largeur d&#39;un sapin correspond environ à la moitié de sa hauteur. Alors, par exemple, un sapin de 6 à 7 pieds aura environ 3 à 3.5 pieds de large.</div>",2025-06-29 22:30:39.561167
-CdTLEBPQq-GMTKriK9blQ,sap-grandeur-precise,"Je voudrais avoir un sapin de 7 pieds 11'', quelle catégorie devrais-je prendre?","Je voudrais avoir un sapin de 7 pieds 11'', quelle catégorie devrais-je prendre?","<p>Nous ne pouvons pas garantir une grandeur fixe de sapin, car ce serait trop difficile à gérer. Dans la catégorie 7-8 pieds, par exemple, vous pouvez recevoir un sapin de 7'1'' à 8'. Si vous désirez avoir un sapin de 7'11'', nous vous conseillons de choisir la taille 8-9 pieds et de laisser une note de livraison en passant votre commande pour indiquer au livreur de le couper à la livraison afin d’avoir un sapin de 7 pieds 11 pouces.</p>","<div>Nous ne pouvons pas garantir une grandeur fixe de sapin, car ce serait trop difficile à gérer. Dans la catégorie 7-8 pieds, par exemple, vous pouvez recevoir un sapin de 7&#39;1&#39;&#39; à 8&#39;. Si vous désirez avoir un sapin de 7&#39;11&#39;&#39;, nous vous conseillons de choisir la taille 8-9 pieds et de laisser une note de livraison en passant votre commande pour indiquer au livreur de le couper à la livraison afin d’avoir un sapin de 7 pieds 11 pouces.</div>",2025-06-29 22:30:39.561167
PMJyVz1rShaL-airUfZ9eA,sap-grandeur-sauvageon,Est-ce que je peux commander un Sauvageon de 10 pieds?,Est-ce que je peux commander un Sauvageon de 10 pieds?,<p>Les sauvageons ont entre 6 et 8 pieds. Remarquez également qu'il n'est pas possible de choisir une grandeur fixe pour un sapin.</p>,<div>Les sauvageons ont entre 6 et 8 pieds. Remarquez également qu&#39;il n&#39;est pas possible de choisir une grandeur fixe pour un sapin.</div>,2025-06-29 22:30:39.561167
rUr5lFlzTpaN-7qHx2zhIg,sap-duree,Combien de temps mon sapin restera beau?,Combien de temps mon sapin restera beau?,"<p>Un sapin qui est installé à l'extérieur sera beau jusqu'au printemps. Un sapin dans une maison sera beau 3-4 semaines s'il ne manque pas d'eau et s'il n'est pas près d'une source de chaleur. Pour plus de trucs pour faire durer votre sapin, consultez notre article de blogue <a href=""/blogs/blogue/5-conseils-pour-faire-durer-votre-sapin"" title=""5 conseils pour faire durer votre sapin"">5 conseils pour faire durer votre sapin</a>.</p>","<div>Un sapin qui est installé à l&#39;extérieur sera beau jusqu&#39;au printemps. Un sapin dans une maison sera beau 3-4 semaines s&#39;il ne manque pas d&#39;eau et s&#39;il n&#39;est pas près d&#39;une source de chaleur. Pour plus de trucs pour faire durer votre sapin, consultez notre article de blogue <a href=""https://www.bosapin.com/blogs/blogue/5-conseils-pour-faire-durer-votre-sapin"" rel=""noopener noreferrer nofollow"" target=""_blank"">5 conseils pour faire durer votre sapin</a>.</div>",2025-06-29 22:30:39.561167
9JuYZT3WQdi_sacbw7cNTw,sap-fraicheur,Quelle est la fraîcheur des arbres?,Quelle est la fraîcheur des arbres?,"<p>Puisque nous sommes producteurs des sapins que nous distribuons, nous coupons seulement les arbres dont nous avons besoin. De plus, votre arbre sera coupé entre la mi-novembre et début décembre et il sera conservé au frais. Cela vous assure d'une meilleure qualité et fraicheur que nos compétiteurs.</p>","<div>Puisque nous sommes producteurs des sapins que nous distribuons, nous coupons seulement les arbres dont nous avons besoin. De plus, votre arbre sera coupé entre la mi-novembre et début décembre et il sera conservé au frais. Cela vous assure d&#39;une meilleure qualité et fraicheur que nos compétiteurs.</div>",2025-06-29 22:30:39.561167
r0es-Rd0QACe1hpVMpDLmA,sap-ecolo,Est-il écologique d'acheter un arbre naturel au lieu d'un arbre artificiel?,Est-il écologique d'acheter un arbre naturel au lieu d'un arbre artificiel?,"<p>Contrairement aux sapins naturels, les arbres artificiels ne peuvent pas être recyclés ou convertis en compost. En outre, les PVC et le plomb que contiennent les sapins artificiels restent dans les sites d'enfouissement durant plusieurs générations. De plus, chaque hectare d'arbres de Noël produit assez d'oxygène pour répondre aux besoins de 40 à 45 personnes. Pour découvrir d'autres raisons qui font que le sapin naturel est le choix le plus écologique, consultez notre article de blogue <a href=""/blogs/blogue/avantages-ecologiques-de-commander-un-bosapin"" title=""Avantages écologiques de commander un Bôsapin"">Avantages écologiques de commander un Bôsapin</a>.</p>","<div>Contrairement aux sapins naturels, les arbres artificiels ne peuvent pas être recyclés ou convertis en compost. En outre, les PVC et le plomb que contiennent les sapins artificiels restent dans les sites d&#39;enfouissement durant plusieurs générations. De plus, chaque hectare d&#39;arbres de Noël produit assez d&#39;oxygène pour répondre aux besoins de 40 à 45 personnes. Pour découvrir d&#39;autres raisons qui font que le sapin naturel est le choix le plus écologique, consultez notre article de blogue <a href=""https://www.bosapin.com/blogs/blogue/avantages-ecologiques-de-commander-un-bosapin"" rel=""noopener noreferrer nofollow"" target=""_blank"">Avantages écologiques de commander un Bôsapin</a>.</div>",2025-06-29 22:30:39.561167
zmzCsoO1QlOC5_qL1zx45Q,sap-origine,Est-ce que les sapins viennent de pépinières québécoises?,Est-ce que les sapins viennent de pépinières québécoises?,"<p>Bôsapin possède des terres sur le territoire québécois : à La Patrie, Milan, Béthanie, Carignan et Saint-Jean-Chrysostome. Nous cultivons, coupons et replantons les arbres de Noël pour permettre d'offrir un service de qualité chaque année.</p>","<div>Bôsapin possède des terres sur le territoire québécois : à La Patrie, Milan, Béthanie, Carignan et Saint-Jean-Chrysostome. Nous cultivons, coupons et replantons les arbres de Noël pour permettre d&#39;offrir un service de qualité chaque année.</div>",2025-06-29 22:30:39.561167
2_3Cz4PqRQqR7iwJM-qcLg,sap-pesticide,Utilisez-vous des pesticides?,Utilisez-vous des pesticides?,"<p>Nous n’arrosons pas nos sapins avec des pesticides, mais nous traitons le sol contre la mauvaise herbe. Nos sapins ne sont pas bios. Il nous arrive d’utiliser des produits chimiques au besoin, selon les recommandations de notre agronome.</p>","<div>Nous n’arrosons pas nos sapins avec des pesticides, mais nous traitons le sol contre la mauvaise herbe. Nos sapins ne sont pas bios. Il nous arrive d’utiliser des produits chimiques au besoin, selon les recommandations de notre agronome.</div>",2025-06-29 22:30:39.561167
J5wWNmMKQ4mUc6gCg1rxhQ,sap-choisir-moimeme,Est-ce que je peux venir choisir mon arbre moi-même?,Est-ce que je peux venir choisir mon arbre moi-même?,"<p>Vous pouvez désormais venir choisir votre arbre à l'autocueillette Bôsapin située à Saint-Jean-Chrysostome (secteur Lévis). Réservez votre place <a href=""https://autocueillette.bosapin.com/"" target=""_blank"" title=""Autocueillette sapin de Nöel"">ici</a> pour profiter de cette expérience unique!</p>","<div>Vous pouvez désormais venir choisir votre arbre à l&#39;autocueillette Bôsapin située à Saint-Jean-Chrysostome (secteur Lévis). Réservez votre place<a href=""https://autocueillette.bosapin.com/?ref=kpnamnoz&amp;sub_id=affiliate"" rel=""noopener noreferrer nofollow"" target=""_blank""> ici</a> pour profiter de cette expérience unique!</div>",2025-06-29 22:30:39.561167
Yut4PijVT1qfRuq5HDe9Uw,sap-location,Est-ce possible de louer des sapins pour un événement?,Est-ce possible de louer des sapins pour un événement?,"<p>Il n'est malheureusement pas possible de louer des sapins puisqu'une fois entré à la chaleur, le sapin perd de sa fraîcheur. </p>","<div>Il n&#39;est malheureusement pas possible de louer des sapins puisqu&#39;une fois entré à la chaleur, le sapin perd de sa fraîcheur.</div>",2025-06-29 22:30:39.561167
DQf-JWF0R3-raUiT8zgDdg,sap-support,Ai-je besoin d'un support pour mon sapin?,Ai-je besoin d'un support pour mon sapin?,"<p>Oui, les sapins ne viennent pas avec leur support. Vous pouvez ajouter un support à sapin à votre commande et il vous sera livré en même temps. Ces supports sont réutilisables chaque année. Un bon pied fait toute la différence! Pour vous procurez le vôtre, <a href=""/products/pied-a-sapin"" title=""/products/pied-a-sapin"">cliquez ici</a>.  </p>","<div>Oui, les sapins ne viennent pas avec leur support. Vous pouvez ajouter un support à sapin à votre commande et il vous sera livré en même temps. Ces supports sont réutilisables chaque année. Un bon pied fait toute la différence! Pour vous procurez le vôtre, <a href=""https://www.bosapin.com/products/pied-a-sapin"" rel=""noopener noreferrer nofollow"" target=""_blank"">cliquez ici</a>.</div>",2025-06-29 22:30:39.561167
acKRIUyMR5u45fCDzCOmVg,sap-support-sapin-mini,Ai-je besoin d'un support pour mon sapin miniature?,Ai-je besoin d'un support pour mon sapin miniature?,"<p>Non, le sapin miniature est déjà assemblé avec son support à sapin.</p>","<div>Non, le sapin miniature est déjà assemblé avec son support à sapin.</div>",2025-06-29 22:30:39.561167
AMKPIY73SDuOE_kleHbsjA,com-achat-annee-passee,Est-ce possible de savoir ce que j'ai acheté l'an dernier?,Est-ce possible de savoir ce que j'ai acheté l'an dernier?,"<p>Puisque nous avons un nouveau site web, seules les commandes réalisées depuis la saison de Noël 2022 sont affichées dans votre compte client. Vous pouvez vérifier vos courriels pour retrouver votre courriel de confirmation qui comprend les articles que vous aviez achetés. Autrement, vous pouvez nous contacter via le <a href=""/pages/contact?question=je-veux-savoir-ce-que-jai-commande-lan-dernier"" title=""/pages/contact?question=je-veux-savoir-ce-que-jai-commande-lan-dernier"">formulaire de contact</a>.</p>","<div>Puisque nous avons un nouveau site web, seules les commandes réalisées depuis la saison de Noël 2022 sont affichées dans votre compte client. Vous pouvez vérifier vos courriels pour retrouver votre courriel de confirmation qui comprend les articles que vous aviez achetés. Autrement, vous pouvez nous contacter via le <a href=""https://www.bosapin.com/pages/contact?question=je-veux-savoir-ce-que-jai-commande-lan-dernier"" rel=""noopener noreferrer nofollow"" target=""_blank"">formulaire de contact</a>.</div>",2025-06-29 22:30:39.561167
iwHiHXBlRdKzvNZC4zA_2w,com-credit-annee-passee,"J'ai un crédit de l'an dernier, comment l'utiliser?","J'ai un crédit de l'an dernier, comment l'utiliser?",<p>Passez votre commande et renvoyez-nous le courriel que vous avez reçu nous indiquant le crédit qui vous est dû. Nous vous rembourserons ensuite le crédit qui vous est dû.</p>,<div>Passez votre commande et renvoyez-nous le courriel que vous avez reçu nous indiquant le crédit qui vous est dû. Nous vous rembourserons ensuite le crédit qui vous est dû.</div>,2025-06-29 22:30:39.561167
dVoHOyI6QoOCCgJN6l-AjQ,com-pas-capable-de-passee-commande,Je ne suis pas capable de passer une commande,Je ne suis pas capable de passer une commande,"<p>Afin d'effectuer votre commande, allez sur <a href=""http://bosapin.com"" title=""http://bosapin.com"">http://bosapin.com</a> et cliquez sur le bouton ""COMMANDER VOTRE SAPIN''. Si vous approuvez des difficultés avec notre site web, SVP nous contacter par téléphone au 1-855-434-3520 ou via le <a href=""https://bosapin.com/pages/contact?question=je-voudrais-commander-un-sapin"" title=""https://bosapin.com/pages/contact?question=je-voudrais-commander-un-sapin"">formulaire de contact</a></p>","<div>Afin d&#39;effectuer votre commande, allez sur <a href=""http://bosapin.com/?ref=kpnamnoz&amp;sub_id=affiliate"" rel=""noopener noreferrer nofollow"" target=""_blank"">http://bosapin.com</a> et cliquez sur le bouton &#34;COMMANDER VOTRE SAPIN&#39;&#39;. Si vous approuvez des difficultés avec notre site web, SVP nous contacter par téléphone au 1-855-434-3520 ou via le <a href=""https://bosapin.com/pages/contact?question=je-voudrais-commander-un-sapin&amp;ref=kpnamnoz&amp;sub_id=affiliate"" rel=""noopener noreferrer nofollow"" target=""_blank"">formulaire de contact</a></div>",2025-06-29 22:30:39.561167
c6cWjsVJSmSFOB6g_hE_Jg,com-achat-couronne,Comment commander seulement qu'une couronne?,Comment commander seulement qu'une couronne?,"<p>Vous pouvez commander seulement une couronne si vous le souhaitez. Vous les retrouverez dans la section <a href=""/collections/accessoires"" title=""/collections/accessoires"">Accessoires</a> du site web.</p>","<div>Vous pouvez commander seulement une couronne si vous le souhaitez. Vous les retrouverez dans la section <a href=""https://www.bosapin.com/collections/accessoires"" rel=""noopener noreferrer nofollow"" target=""_blank"">Accessoires</a> du site web.</div>",2025-06-29 22:30:39.561167
WOkGUWmaTy-INSQO4lKu2w,com-sapin-plus-grand,Je veux un sapin plus grand,Je veux un sapin plus grand,"<p>Nous avons des sapins Beaumier Premium qui peuvent mesurer jusqu'à 12pieds de haut. Cependant, pour commander un sapin de plus de 10 pieds, vous devez nous contacter via le <a href=""/pages/contact?question=je-veux-commander-un-sapin-de-plus-de-10-pieds"" title=""/pages/contact?question=je-veux-commander-un-sapin-de-plus-de-10-pieds"">formulaire de contact</a> puisque ces sapins doivent faire l'objet d'une livraison spéciale dû à leur grandeur. </p>","<div>Nous avons des sapins Beaumier Premium qui peuvent mesurer jusqu&#39;à 12pieds de haut. Cependant, pour commander un sapin de plus de 10 pieds, vous devez nous contacter via le <a href=""https://www.bosapin.com/pages/contact?question=je-veux-commander-un-sapin-de-plus-de-10-pieds"" rel=""noopener noreferrer nofollow"" target=""_blank"">formulaire de contact</a> puisque ces sapins doivent faire l&#39;objet d&#39;une livraison spéciale dû à leur grandeur.</div>",2025-06-29 22:30:39.561167
BjLY0xEwTiC3jxHZMw89sg,com-annulation,Comment puis-je annuler ma commande?,Comment puis-je annuler ma commande?,"<p>Vous pouvez annuler vous-mêmes votre commande jusqu'à 5 jours avant la date de livraison. Pour ce faire, accédez à cette commande à partir de votre compte client ou à partir du courriel de confirmation de commande qui vous a été envoyé. Ensuite, cliquez sur Annuler la commande. Si vous aviez déjà payé votre commande, vous serez remboursé dans les 5 jours ouvrables. Si vous souhaitez annuler votre commande et que le délai pour l'annulation est terminé, vous pouvez nous contactez via le <a href=""/pages/contact?question=je-veux-annuler-ma-commande"" title=""/pages/contact?question=je-veux-annuler-ma-commande"">formulaire de contact</a> pour que nous annulions la commande pour vous. Veuillez notez que si la commande est annulée moins de 24h avant la livraison, des frais de restockage équivalent à 10% de votre commande ne pourront vous être remboursés. Pour l'annulation d'une commande qui est prévue dans moins de 24h veuillez-nous contactez par téléphone au 1-855-434-3520 le plus rapidement possible.</p>","<div>Vous pouvez annuler vous-mêmes votre commande jusqu&#39;à 5 jours avant la date de livraison. Pour ce faire, accédez à cette commande à partir de votre compte client ou à partir du courriel de confirmation de commande qui vous a été envoyé. Ensuite, cliquez sur Annuler la commande. Si vous aviez déjà payé votre commande, vous serez remboursé dans les 5 jours ouvrables. Si vous souhaitez annuler votre commande et que le délai pour l&#39;annulation est terminé, vous pouvez nous contactez via le <a href=""https://www.bosapin.com/pages/contact?question=je-veux-annuler-ma-commande"" rel=""noopener noreferrer nofollow"" target=""_blank"">formulaire de contact</a> pour que nous annulions la commande pour vous. Veuillez notez que si la commande est annulée moins de 24h avant la livraison, des frais de restockage équivalent à 10% de votre commande ne pourront vous être remboursés. Pour l&#39;annulation d&#39;une commande qui est prévue dans moins de 24h veuillez-nous contactez par téléphone au 1-855-434-3520 le plus rapidement possible.</div>",2025-06-29 22:30:39.561167
omy_b_pdR_GScHrz1y5A7w,com-modification-commande,Comment puis-je modifier ma commande?,Comment puis-je modifier ma commande?,"<p>Si vous souhaitez modifier le contenu de votre commande, vous devez annuler votre commande et en passer une nouvelle. Vous pouvez annuler votre commande jusqu'à 5 jours avant la date de livraison. Pour ce faire, accédez à cette commande à partir de votre compte client ou à partir du courriel de confirmation de commande qui vous a été envoyé. Ensuite, cliquez sur Modifier la commande. Remarquez que votre panier d'achat contiendra votre ancienne commande et vous pourrez simplement l'éditer avant de repasser la commande. Si vous aviez déjà payé votre première commande, elle vous sera remboursée dans les 5 jours ouvrables. Si vous souhaitez modifer votre commande et que le délai pour l'annulation est terminé, vous pouvez nous contactez via le <a href=""/pages/contact?question=je-veux-annuler-ma-commande"" title=""/pages/contact?question=je-veux-annuler-ma-commande"">formulaire de contact</a> pour que nous annulions la commande pour vous. </p>","<div>Si vous souhaitez modifier le contenu de votre commande, vous devez annuler votre commande et en passer une nouvelle. Vous pouvez annuler votre commande jusqu&#39;à 5 jours avant la date de livraison. Pour ce faire, accédez à cette commande à partir de votre compte client ou à partir du courriel de confirmation de commande qui vous a été envoyé. Ensuite, cliquez sur Modifier la commande. Remarquez que votre panier d&#39;achat contiendra votre ancienne commande et vous pourrez simplement l&#39;éditer avant de repasser la commande. Si vous aviez déjà payé votre première commande, elle vous sera remboursée dans les 5 jours ouvrables. Si vous souhaitez modifer votre commande et que le délai pour l&#39;annulation est terminé, vous pouvez nous contactez via le <a href=""https://www.bosapin.com/pages/contact?question=je-veux-annuler-ma-commande"" rel=""noopener noreferrer nofollow"" target=""_blank"">formulaire de contact</a> pour que nous annulions la commande pour vous.</div>",2025-06-29 22:30:39.561167
91SfcfpKSSSmQrkQWk0jbw,com-annulation-rush,Le livreur sera là bientôt et je dois annuler ou modifier ma commande,Le livreur sera là bientôt et je dois annuler ou modifier ma commande,"<p>Contactez-nous par téléphone au 1-855-434-3520 le plus rapidement possible pour prendre arrangement. Veuillez noter que si la commande est annulée moins de 24h avant la livraison, des frais de restockage équivalent à 10% de votre commande ne pourront vous être remboursés.</p>","<div>Contactez-nous par téléphone au 1-855-434-3520 le plus rapidement possible pour prendre arrangement. Veuillez noter que si la commande est annulée moins de 24h avant la livraison, des frais de restockage équivalent à 10% de votre commande ne pourront vous être remboursés.</div>",2025-06-29 22:30:39.561167
bQy6g-lTQTm0yZRQz7wexg,liv-demenagement,"Je déménage en décembre, puis-je acheter maintenant et changer mon adresse de livraison plus tard?","Je déménage en décembre, puis-je acheter maintenant et changer mon adresse de livraison plus tard?","<p>Si vous connaissez déjà l'adresse à laquelle vous déménagerez, veuillez indiquer cette adresse comme adresse de livraison. Sinon, vous pouvez passer votre commande en utilisant votre adresse actuelle, mais assurez-vous que votre nouvelle maison soit dans nos zones de livraison et avertissez-nous de votre nouvelle adresse via le <a href=""/pages/contact?question=je-veux-modifier-mon-adresse-de-livraison"" title=""/pages/contact?question=je-veux-modifier-mon-adresse-de-livraison"">formulaire de contact</a> au moins 2 semaines avant la livraison puisque les dates de livraison changent d'un secteur à l'autre. </p>","<div>Si vous connaissez déjà l&#39;adresse à laquelle vous déménagerez, veuillez indiquer cette adresse comme adresse de livraison. Sinon, vous pouvez passer votre commande en utilisant votre adresse actuelle, mais assurez-vous que votre nouvelle maison soit dans nos zones de livraison et avertissez-nous de votre nouvelle adresse via le <a href=""https://www.bosapin.com/pages/contact?question=je-veux-modifier-mon-adresse-de-livraison"" rel=""noopener noreferrer nofollow"" target=""_blank"">formulaire de contact</a> au moins 2 semaines avant la livraison puisque les dates de livraison changent d&#39;un secteur à l&#39;autre.</div>",2025-06-29 22:30:39.561167
yHzMtArOQviPDcsA7tLiSw,com-courriel-confirmation,Je ne trouve plus mon courriel de confirmation,Je ne trouve plus mon courriel de confirmation,"<p>Contactez-nous via le<a href=""/pages/contact?question=je-ne-trouve-plus-mon-courriel-de-confirmation"" title=""/pages/contact?question=je-ne-trouve-plus-mon-courriel-de-confirmation""> formulaire de contact</a> pour qu'on vous le retourne à nouveau.</p>","<div>Contactez-nous via le <a href=""https://www.bosapin.com/pages/contact?question=je-ne-trouve-plus-mon-courriel-de-confirmation"" rel=""noopener noreferrer nofollow"" target=""_blank"">formulaire de contact</a> pour qu&#39;on vous le retourne à nouveau.</div>",2025-06-29 22:30:39.561167
bVRicsZDQXCplp4MTt325g,com-promotion,Y a-t-il une promotion en cours?,Y a-t-il une promotion en cours?,<p>Suivez-nous sur nos médias sociaux et abonnez-vous à notre infolettre pour être à l'affût de nos promotions. </p>,<div>Suivez-nous sur nos médias sociaux et abonnez-vous à notre infolettre pour être à l&#39;affût de nos promotions.</div>,2025-06-29 22:30:39.561167
HddP6qgoTW68W7h52JWYkw,com-promotion-hier,J'ai commandé un sapin hier et la promotion commençait aujourd'hui.,J'ai commandé un sapin hier et la promotion commençait aujourd'hui.,"<p>Vous pouvez annuler votre commande et en repasser une nouvelle. Vous pouvez annuler votre commande jusqu'à 5 jours avant la date de livraison prévue. Pour ce faire, accédez à cette commande à partir de votre compte client ou à partir du courriel de confirmation de commande qui vous a été envoyé. Ensuite, cliquez sur Annuler la commande. Si vous aviez déjà payé votre commande, vous serez remboursé dans les 5 jours ouvrables. </p>","<div>Vous pouvez annuler votre commande et en repasser une nouvelle. Vous pouvez annuler votre commande jusqu&#39;à 5 jours avant la date de livraison prévue. Pour ce faire, accédez à cette commande à partir de votre compte client ou à partir du courriel de confirmation de commande qui vous a été envoyé. Ensuite, cliquez sur Annuler la commande. Si vous aviez déjà payé votre commande, vous serez remboursé dans les 5 jours ouvrables.</div>",2025-06-29 22:30:39.561167
rOd45kPRRlmbu1o6niKLqQ,pai-methode,Quelles sont les méthodes de paiement à la livraison?,Quelles sont les méthodes de paiement à la livraison?,"<p>Si vous payez votre arbre à la livraison, vous pouvez le faire en argent comptant ou avec votre carte de crédit directement avec le soldat de bois (livreur). </p>","<div>Si vous payez votre arbre à la livraison, vous pouvez le faire en argent comptant ou avec votre carte de crédit directement avec le soldat de bois (livreur).</div>",2025-06-29 22:30:39.561167
QEhk1RJGQf-OcILP9c5PlA,,"J'ai choisi de payer à la livraison, mais j'aimerais payer maintenant","J'ai choisi de payer à la livraison, mais j'aimerais payer maintenant","<p>Veuillez nous contacter par téléphone au 1-855-434-3520 et avoir en main vos informations de paiement ou contactez-nous via le <a href=""https://www.bosapin.com/pages/contact?question=je-veux-payer-ma-commande-maintenant"" title=""https://www.bosapin.com/pages/contact?question=je-veux-payer-ma-commande-maintenant"">formulaire de contact</a> et nous vous transférerons par courriel un lien qui vous permettra de faire votre paiement.</p>","<div>Veuillez nous contacter par téléphone au 1-855-434-3520 et avoir en main vos informations de paiement ou contactez-nous via le <a href=""https://www.bosapin.com/pages/contact?question=je-veux-payer-ma-commande-maintenant"" rel=""noopener noreferrer nofollow"" target=""_blank"">formulaire de contact</a> et nous vous transférerons par courriel un lien qui vous permettra de faire votre paiement.</div>",2025-06-29 22:30:39.561167
RKa7oZb8QlyWelnEeXYbSg,livraison-1,Quelles sont les zones de livraison?,Quelles sont les zones de livraison?,"<p>Nous couvrons les régions de Montréal, Laval, Ottawa-Gatineau, Basse-Laurentides, Québec, Trois-Rivières, Sherbrooke et une bonne partie de la Montérégie, de Lanaudière et l'Estrie. Pour vérifier si la livraison est offerte pour votre adresse, <a href=""/pages/zones-desservies"" title=""/pages/zones-desservies"">consultez la carte</a> et utilisez notre validateur de codes postaux.</p>","<div>Nous couvrons les régions de Montréal, Laval, Ottawa-Gatineau, Basse-Laurentides, Québec, Trois-Rivières, Sherbrooke et une bonne partie de la Montérégie, de Lanaudière et l&#39;Estrie. Pour vérifier si la livraison est offerte pour votre adresse, <a href=""https://www.bosapin.com/pages/zones-desservies"" rel=""noopener noreferrer nofollow"" target=""_blank"">consultez la carte</a> et utilisez notre validateur de codes postaux.</div>",2025-06-29 22:30:39.561167
xOhjbnoJSI-nbOwJImjjMw,livraison-question-2,Quelles sont les dates de livraison?,Quelles sont les dates de livraison?,"<p>Nous livrons toutes les fins de semaine du 19 novembre au 18 décembre inclusivement. Par contre, vous pourrez commander votre arbre à partir du 15 septembre pour vous assurer un plus grand choix. Notez également que les dates de livraison varient d'un secteur à un autre. Dès l'ouverture des ventes, vous pourrez voir les dates de livraison disponibles pour votre secteur dans votre panier d'achat. </p>","<div>Nous livrons toutes les fins de semaine du 19 novembre au 18 décembre inclusivement. Par contre, vous pourrez commander votre arbre à partir du 15 septembre pour vous assurer un plus grand choix. Notez également que les dates de livraison varient d&#39;un secteur à un autre. Dès l&#39;ouverture des ventes, vous pourrez voir les dates de livraison disponibles pour votre secteur dans votre panier d&#39;achat.</div>",2025-06-29 22:30:39.561167
2QRpXrl4QVKX-W_vkI-AzQ,LIV-13,Est-ce que le livreur installe le sapin?,Est-ce que le livreur installe le sapin?,"<p>Oui, le livreur installe le sapin dans son pied à condition que votre salon soit prêt à l'accueillir. Un bon pied fait toute la différence! Pour vous procurez le vôtre, <a href=""/products/pied-a-sapin"" title=""Pied à sapin"">cliquez ici</a>.  </p>","<div>Oui, le livreur installe le sapin dans son pied à condition que votre salon soit prêt à l&#39;accueillir. Un bon pied fait toute la différence! Pour vous procurez le vôtre, <a href=""https://www.bosapin.com/products/pied-a-sapin"" rel=""noopener noreferrer nofollow"" target=""_blank"">cliquez ici</a>.</div>",2025-06-29 22:30:39.561167
hPSG3wioSPSjHqxTNG-8sw,liv-an-dernier-oui,"L'an dernier, j'ai été livré et cette année le système me dit qu'il n'y a pas de livraison dans mon secteur.","L'an dernier, j'ai été livré et cette année le système me dit qu'il n'y a pas de livraison dans mon secteur.","<p>Chaque année, nous optimisons nos routes en fonction de la demande dans les différents secteurs. Pour vérifier si la livraison est offerte pour votre adresse, <a href=""/pages/zones-desservies"" title=""/pages/zones-desservies"">consultez la carte</a> et utilisez notre validateur de codes postaux. Si votre adresse ne fait pas partie de la zone desservie, nous sommes désolés, mais nous ne pourrons pas vous livrer cette année. Vous pouvez tout de même nous indiquer votre intérêt via le <a href=""/pages/contact?question=vous-ne-livrez-plus-ou-pas-dans-mon-secteur"" title=""/pages/contact?question=vous-ne-livrez-plus-ou-pas-dans-mon-secteur"">formulaire de contact</a> et qui sait, peut-être que l'an prochain les soldats de bois seront de retour dans votre secteur!</p>","<div>Chaque année, nous optimisons nos routes en fonction de la demande dans les différents secteurs. Pour vérifier si la livraison est offerte pour votre adresse, <a href=""https://www.bosapin.com/pages/zones-desservies"" rel=""noopener noreferrer nofollow"" target=""_blank"">consultez la carte</a> et utilisez notre validateur de codes postaux. Si votre adresse ne fait pas partie de la zone desservie, nous sommes désolés, mais nous ne pourrons pas vous livrer cette année. Vous pouvez tout de même nous indiquer votre intérêt via le <a href=""https://www.bosapin.com/pages/contact?question=vous-ne-livrez-plus-ou-pas-dans-mon-secteur"" rel=""noopener noreferrer nofollow"" target=""_blank"">formulaire de contact</a> et qui sait, peut-être que l&#39;an prochain les soldats de bois seront de retour dans votre secteur!</div>",2025-06-29 22:30:39.561167
tBxRoUKwTNiy60na4yj91g,liv-presence,Est-ce que je dois être à la maison la journée de la livraison?,Est-ce que je dois être à la maison la journée de la livraison?,"<p>Si vous êtes absents et que vous avez payé avec une carte de crédit, le livreur laissera votre commande sur votre perron, sauf indication contraire. Vous pouvez laisser une note de livraison en passant votre commande pour donner des précisions au livreur. Vous souhaitez ajouter une note de livraison à votre commande? Accéder à votre commande à partir de votre compte client ou de votre courriel de confirmation de commande, ajouter une note et cliquer sur Modifier ma livraison.<br/><br/>Si vous payez à la réception, vous devrez être là pour remettre le montant d'argent. Le livreur ne pourra pas laisser un arbre non payé à votre porte. Vous avez choisi le paiement sur réception, mais avez changé d'idée et souhaitez payer maintenant? Veuillez nous contacter par téléphone au 1-855-434-3520 et avoir en main vos informations de paiement. </p>","<div>Si vous êtes absents et que vous avez payé avec une carte de crédit, le livreur laissera votre commande sur votre perron, sauf indication contraire. Vous pouvez laisser une note de livraison en passant votre commande pour donner des précisions au livreur. Vous souhaitez ajouter une note de livraison à votre commande? Accéder à votre commande à partir de votre compte client ou de votre courriel de confirmation de commande, ajouter une note et cliquer sur Modifier ma livraison.<br/>​</div><div><br/></div><div>Si vous payez à la réception, vous devrez être là pour remettre le montant d&#39;argent. Le livreur ne pourra pas laisser un arbre non payé à votre porte. Vous avez choisi le paiement sur réception, mais avez changé d&#39;idée et souhaitez payer maintenant? Veuillez nous contacter par téléphone au 1-855-434-3520 et avoir en main vos informations de paiement.</div>",2025-06-29 22:30:39.561167
LYtNYdN3QRCN_coTJv38pQ,liv-pas beaucoup-date,Pourquoi je ne peux pas choisir une date de livraison plus tôt?,Pourquoi je ne peux pas choisir une date de livraison plus tôt?,"<p>Lorsque les routes des soldats de bois sont tracées ou lorsqu’une journée est remplie, cette date n'est pas disponible.</p>","<div>Lorsque les routes des soldats de bois sont tracées ou lorsqu’une journée est remplie, cette date n&#39;est pas disponible.</div>",2025-06-29 22:30:39.561167
-ivCpOEvSdK9bY7qoiZ72A,liv-autre-date,"Les dates de livraisons ne me vont pas, y en aura-t-il d'autres plus tard?","Les dates de livraisons ne me vont pas, y en aura-t-il d'autres plus tard?","<p>Non, toutes les dates disponibles pour la saison sont déjà affichées sur le site.</p>","<div>Non, toutes les dates disponibles pour la saison sont déjà affichées sur le site.</div>",2025-06-29 22:30:39.561167
jUYY02xBSHaUjijMI-XjDg,liv-modification,Comment puis-je modifier ma date de livraison?,Comment puis-je modifier ma date de livraison?,"<p>Vous pouvez changer votre date de livraison jusqu'à ce que notre logiciel de livraison ait tracé les itinéraires de nos soldats de bois. Pour ce faire, accéder à votre commande à partir de votre compte client ou à partir de votre courriel de confirmation de commande. Choisissez une nouvelle date de livraison et cliquez sur Modifier la commande. Remarquez que si votre date de livraison est trop rapprochée, il ne sera pas possible de changer vous-mêmes votre date de livraison. Veuillez alors nous contactez via le <a href=""/pages/contact?question=je-veux-modifier-ma-date-de-livraison"" title=""/pages/contact?question=je-veux-modifier-ma-date-de-livraison"">formulaire de contact</a> pour prendre arrangement au besoin. </p>","<div>Vous pouvez changer votre date de livraison jusqu&#39;à ce que notre logiciel de livraison ait tracé les itinéraires de nos soldats de bois. Pour ce faire, accéder à votre commande à partir de votre compte client ou à partir de votre courriel de confirmation de commande. Choisissez une nouvelle date de livraison et cliquez sur Modifier la commande. Remarquez que si votre date de livraison est trop rapprochée, il ne sera pas possible de changer vous-mêmes votre date de livraison. Veuillez alors nous contactez via le <a href=""https://www.bosapin.com/pages/contact?question=je-veux-modifier-ma-date-de-livraison"" rel=""noopener noreferrer nofollow"" target=""_blank"">formulaire de contact</a> pour prendre arrangement au besoin.</div>",2025-06-29 22:30:39.561167
gVm_38kyQuGFxWmY8_3CZw,liv-trouve-plus-ma-date,Quoi faire si je ne me rappelle plus de ma date de livraison?,Quoi faire si je ne me rappelle plus de ma date de livraison?,<p>Votre date de livraison est indiquée dans le courriel de confirmation que nous vous avons envoyé suite à votre commande. Elle est également indiquée dans votre compte client.</p>,<div>Votre date de livraison est indiquée dans le courriel de confirmation que nous vous avons envoyé suite à votre commande. Elle est également indiquée dans votre compte client.</div>,2025-06-29 22:30:39.561167
kUIN-JJSSLmGxGks1LVDkA,liv-choisir-mon-heure,Est-il possible de choisir l'heure de livraison?,Est-il possible de choisir l'heure de livraison?,"<p>La <strong>livraison Standard</strong>, offerte à 5$, permet de garantir la journée de la livraison, mais ne permet pas de choisir l'heure de celle-ci. Cependant, veuillez noter que les livraisons se déroulent de 8h à 21h, bien que nous tentons de terminer nos livraisons avant 20h. Une fois les routes de nos soldats de bois tracées, vous recevrez un courriel vous indiquant une plage horaire approximative pour la livraison de votre sapin. L'option de <strong>livraison Flex</strong>, qui est disponible seulement dans certains secteurs, vous permet de choisir une plage de 4h durant laquelle aura lieu la livraison, moyennant un supplément de 10$.</p>","<div>La livraison Standard, offerte à 5$, permet de garantir la journée de la livraison, mais ne permet pas de choisir l&#39;heure de celle-ci. Cependant, veuillez noter que les livraisons se déroulent de 8h à 21h, bien que nous tentons de terminer nos livraisons avant 20h. Une fois les routes de nos soldats de bois tracées, vous recevrez un courriel vous indiquant une plage horaire approximative pour la livraison de votre sapin. L&#39;option de livraison Flex, qui est disponible seulement dans certains secteurs, vous permet de choisir une plage de 4h durant laquelle aura lieu la livraison, moyennant un supplément de 10$.</div>",2025-06-29 22:30:39.561167
vLJBG1-0T1-lEGHGZQMAOA,liv-chamgement-heure,Puis-je changer mon heure de livraison une fois qu'elle m'a été remise?,Puis-je changer mon heure de livraison une fois qu'elle m'a été remise?,"<p>Notre logiciel de livraison trace les itinéraires de nos soldats de bois en fonction des autres livraisons de la journée. Il est donc difficile de changer les heures de livraison sans bousculer le reste de la route de nos soldats de bois. Si vous ne pouvez pas être présent, nous pouvons laisser votre commande sur place si celle-ci est payée à l'avance. Vous pouvez également indiquer une note au livreur si vous désirez qu'il dépose vos articles à un endroit précis. </p>","<div>Notre logiciel de livraison trace les itinéraires de nos soldats de bois en fonction des autres livraisons de la journée. Il est donc difficile de changer les heures de livraison sans bousculer le reste de la route de nos soldats de bois. Si vous ne pouvez pas être présent, nous pouvons laisser votre commande sur place si celle-ci est payée à l&#39;avance. Vous pouvez également indiquer une note au livreur si vous désirez qu&#39;il dépose vos articles à un endroit précis.</div>",2025-06-29 22:30:39.561167
Tw9sfv5BTIudgkUWND4prw,liv-pas-recu-mon-heure,"Je suis supposé recevoir mon sapin en fin de semaine, mais je n'ai pas reçu l'heure de livraison","Je suis supposé recevoir mon sapin en fin de semaine, mais je n'ai pas reçu l'heure de livraison","<p>Lorsque notre logiciel de livraison a tracé les routes de nos soldats de bois, nous vous envoyons un courriel pour vous indiquer la plage horaire approximative durant laquelle aura lieu votre livraison. Vous recevrez ce courriel envrion 2 jours avant la date de votre livaison. Veuillez donc vérifier vos courriels incluant votre boite d'indésirables. Vous devriez avoir reçu un courriel de la part : info@bosapin.com. Si jamais, vous ne l'avez pas reçu, contactez-nous via le <a href=""/pages/contact?question=je-nai-pas-recu-lheure-de-ma-livraison"" title=""/pages/contact?question=je-nai-pas-recu-lheure-de-ma-livraison"">formulaire de contact.</a></p>","<div>Lorsque notre logiciel de livraison a tracé les routes de nos soldats de bois, nous vous envoyons un courriel pour vous indiquer la plage horaire approximative durant laquelle aura lieu votre livraison. Vous recevrez ce courriel envrion 2 jours avant la date de votre livaison. Veuillez donc vérifier vos courriels incluant votre boite d&#39;indésirables. Vous devriez avoir reçu un courriel de la part : info@bosapin.com. Si jamais, vous ne l&#39;avez pas reçu, contactez-nous via le <a href=""https://www.bosapin.com/pages/contact?question=je-nai-pas-recu-lheure-de-ma-livraison"" rel=""noopener noreferrer nofollow"" target=""_blank"">formulaire de contact</a>.</div>",2025-06-29 22:30:39.561167
cnXCZREtSeic-RgnRmmMiQ,liv-installation-exterieur,Faites-vous l'installation extérieure?,Faites-vous l'installation extérieure?,"<p>Non, car lorsqu'un sapin est installé à l'extérieur, le support régulier n'est pas suffisant. Vous devrez ajouter des sangles ou des cordes afin de retenir le sapin lors de grands vents et ces équipements ne sont pas fournis avec le sapin.</p>","<div>Non, car lorsqu&#39;un sapin est installé à l&#39;extérieur, le support régulier n&#39;est pas suffisant. Vous devrez ajouter des sangles ou des cordes afin de retenir le sapin lors de grands vents et ces équipements ne sont pas fournis avec le sapin.</div>",2025-06-29 22:30:39.561167
8qARB3JmQ0y9EDFLmWj-7A,sav-sapin-sorte,Quoi faire si je n'ai pas reçu la bonne sorte de sapin?,Quoi faire si je n'ai pas reçu la bonne sorte de sapin?,"<p>Si vous avez reçu un sapin, mais que vous n'avez pas reçu la bonne sorte ou la bonne qualité de sapin, vous avez 1 semaine suite à la réception de votre arbre pour nous contacter via le <a href=""/pages/contact?question=jai-un-probleme-avec-mon-sapin"" title=""/pages/contact?question=jai-un-probleme-avec-mon-sapin"">formulaire de contact</a>. Nous vous reviendrons ensuite rapidement pour prendre un arrangement avec vous. Assurez-vous de joindre à votre message des photos du sapin. </p>","<div>Si vous avez reçu un sapin, mais que vous n&#39;avez pas reçu la bonne sorte ou la bonne qualité de sapin, vous avez 1 semaine suite à la réception de votre arbre pour nous contacter via le <a href=""https://www.bosapin.com/pages/contact?question=jai-un-probleme-avec-mon-sapin"" rel=""noopener noreferrer nofollow"" target=""_blank"">formulaire de contact</a>. Nous vous reviendrons ensuite rapidement pour prendre un arrangement avec vous. Assurez-vous de joindre à votre message des photos du sapin.</div>",2025-06-29 22:30:39.561167
WOiyw_AiTeSfvlNl5hryWw,liv-pourboire,Dois-je laisser du pourboire au livreur?,Dois-je laisser du pourboire au livreur?,"<p>Le pourboire est à votre discrétion. À vous de déterminer si vous désirez en laisser et selon l'ampleur du service demandé (si vous demandez au livreur de monter le sapin au 5e étage, si vous désirez l'installation au salon ou si vous lui demandez de le laisser dehors sur le bord de la porte).</p>","<div>Le pourboire est à votre discrétion. À vous de déterminer si vous désirez en laisser et selon l&#39;ampleur du service demandé (si vous demandez au livreur de monter le sapin au 5e étage, si vous désirez l&#39;installation au salon ou si vous lui demandez de le laisser dehors sur le bord de la porte).</div>",2025-06-29 22:30:39.561167
Ml8dUkC-RK-iOWr35Lpc-w,sav-sapin-endommage,Quoi faire si mon arbre est endommagé?,Quoi faire si mon arbre est endommagé?,"<p>Nous garantissons la fraîcheur et la qualité de nos arbres. Ils sont sélectionnés spécialement pour nos clients qui choisissent la livraison à domicile. </p><p>Par contre, ce sont des produits périssables et fragiles qui peuvent être endommagés par le transport. Bien que nous prenons les plus grandes précautions, il peut arriver que votre commande soit endommagée ou déficiente. </p><p>Si tel est le cas, nous remplacerons, rembourserons, créditerons partiellement ou complètement un arbre endommagé ou déficient selon la situation. Vous avez 1 semaine suite à la réception de votre arbre pour nous contacter via le <a href=""/pages/contact?question=jai-un-probleme-avec-mon-sapin"" title=""/pages/contact?question=jai-un-probleme-avec-mon-sapin"">formulaire de contact</a>. Nous vous reviendrons ensuite rapidement pour prendre un arrangement avec vous selon la condition de votre sapin. Assurez-vous de joindre à votre message des photos du sapin endommagé.</p>","<div>Nous garantissons la fraîcheur et la qualité de nos arbres. Ils sont sélectionnés spécialement pour nos clients qui choisissent la livraison à domicile.<br/>​</div><div><br/></div><div>Par contre, ce sont des produits périssables et fragiles qui peuvent être endommagés par le transport. Bien que nous prenons les plus grandes précautions, il peut arriver que votre commande soit endommagée ou déficiente.<br/>​</div><div><br/></div><div>Si tel est le cas, nous remplacerons, rembourserons, créditerons partiellement ou complètement un arbre endommagé ou déficient selon la situation. Vous avez 1 semaine suite à la réception de votre arbre pour nous contacter via le <a href=""https://www.bosapin.com/pages/contact?question=jai-un-probleme-avec-mon-sapin"" rel=""noopener noreferrer nofollow"" target=""_blank"">formulaire de contact</a>. Nous vous reviendrons ensuite rapidement pour prendre un arrangement avec vous selon la condition de votre sapin. Assurez-vous de joindre à votre message des photos du sapin endommagé.</div>",2025-06-29 22:30:39.561167
qUTvNMJ0S2iTKdcSf4M-sA,SAV-Sapin-aime-pas,Quoi faire si je n'aime pas mon sapin?,Quoi faire si je n'aime pas mon sapin?,"<p>Si vous avez reçu un sapin et que vous ne l’aimez pas, vous avez 1 semaine suite à la réception de votre arbre pour nous contacter via le <a href=""/pages/contact?question=jai-un-probleme-avec-mon-sapin"" target=""_blank"" title=""/pages/contact?question=jai-un-probleme-avec-mon-sapin"">formulaire de contact</a>. Nous vous reviendrons ensuite rapidement pour prendre un arrangement avec vous selon la condition de votre sapin. Assurez-vous de joindre à votre message des photos du sapin. Remarquez qu'il n'y aucun échange ni remboursement pour les sapins sauvageons et miniatures. </p>","<div>Si vous avez reçu un sapin et que vous ne l’aimez pas, vous avez 1 semaine suite à la réception de votre arbre pour nous contacter via le <a href=""https://www.bosapin.com/pages/contact?question=jai-un-probleme-avec-mon-sapin"" rel=""noopener noreferrer nofollow"" target=""_blank"">formulaire de contact</a>. Nous vous reviendrons ensuite rapidement pour prendre un arrangement avec vous selon la condition de votre sapin. Assurez-vous de joindre à votre message des photos du sapin. Remarquez qu&#39;il n&#39;y aucun échange ni remboursement pour les sapins sauvageons et miniatures.</div>",2025-06-29 22:30:39.561167
qHsJ7waJRmiEznJp1wpQrA,sav-item-manquant,Quoi faire s'il manque un item à ma livraison?,Quoi faire s'il manque un item à ma livraison?,"<p>Nous sommes désolés que vous n'ayez pas reçu tous les items commandés. Contactez-nous via le <a href=""/pages/contact?question=je-nai-pas-recu-tous-les-articles-que-jai-commande"" title=""/pages/contact?question=je-nai-pas-recu-tous-les-articles-que-jai-commande"">formulaire de contact</a> afin d'obtenir un remboursement ou une 2e livraison.</p>","<div>Nous sommes désolés que vous n&#39;ayez pas reçu tous les items commandés. Contactez-nous via le <a href=""https://www.bosapin.com/pages/contact?question=je-nai-pas-recu-tous-les-articles-que-jai-commande"" rel=""noopener noreferrer nofollow"" target=""_blank"">formulaire de contact</a> afin d&#39;obtenir un remboursement ou une 2e livraison.</div>",2025-06-29 22:30:39.561167
DVntkLteR_-f_IL7BcQUOw,sav-sapin-boit-pas,Quoi faire si mon sapin ne boit pas d'eau?,Quoi faire si mon sapin ne boit pas d'eau?,"<p>Un sapin est une plante vivante et chaque sapin est unique. Il se peut donc que votre sapin de cette année ne boive pas autant que celui de l'année passée. Remarquez aussi qu'il est normal que votre sapin boive plus d'eau dans la première semaine pour ensuite réduire énormément sa consommation.<br/><br/>Lors de la livraison, le soldat de bois coupe une tranche du tronc afin d'avoir une coupe fraiche avant que votre sapin soit mis dans son pied avec de l'eau. Si vous n'avez pas installé le sapin immédiatement après sa réception, vous devez refraire une coupe fraiche avant de l'installer dans le pied afin d'optimiser sa durée de vie. Nous ne pouvons pas garantir la quantité d'eau que l'arbre consommera puisque chaque sapin est différent et nous ne pouvons connaitre le traitement qu'a reçu le sapin après sa livraison.</p>","<div>Un sapin est une plante vivante et chaque sapin est unique. Il se peut donc que votre sapin de cette année ne boive pas autant que celui de l&#39;année passée. Remarquez aussi qu&#39;il est normal que votre sapin boive plus d&#39;eau dans la première semaine pour ensuite réduire énormément sa consommation.<br/>​</div><div><br/></div><div>Lors de la livraison, le soldat de bois coupe une tranche du tronc afin d&#39;avoir une coupe fraiche avant que votre sapin soit mis dans son pied avec de l&#39;eau. Si vous n&#39;avez pas installé le sapin immédiatement après sa réception, vous devez refraire une coupe fraiche avant de l&#39;installer dans le pied afin d&#39;optimiser sa durée de vie. Nous ne pouvons pas garantir la quantité d&#39;eau que l&#39;arbre consommera puisque chaque sapin est différent et nous ne pouvons connaitre le traitement qu&#39;a reçu le sapin après sa livraison.</div>",2025-06-29 22:30:39.561167
HQUFAU1XTaCyz4B8rVaIkw,SAV-epines,Quoi faire si mon sapin perd beaucoup d'épines?,Quoi faire si mon sapin perd beaucoup d'épines?,"<p>Lors du transport, les sapins perdent des épines. Si votre sapin se trouvait en bas de la pile, il peut avoir reçu beaucoup d'épines des sapins au-dessus de lui. Puisque les sapins ne sont pas déballés entre le champ et votre maison, l'accumulation de ces épines peut être impressionnante. Alors si votre sapin semble perdre énormément d'épines la première journée, ne vous étonnez pas, il y a de fortes chances que ce ne soit pas ses épines à lui! Secouez votre sapin un bon coup avant de le décorer, les épines qui ne sont pas accrochées tomberont et votre sapin restera beau pour la période des fêtes! </p>","<div>Lors du transport, les sapins perdent des épines. Si votre sapin se trouvait en bas de la pile, il peut avoir reçu beaucoup d&#39;épines des sapins au-dessus de lui. Puisque les sapins ne sont pas déballés entre le champ et votre maison, l&#39;accumulation de ces épines peut être impressionnante. Alors si votre sapin semble perdre énormément d&#39;épines la première journée, ne vous étonnez pas, il y a de fortes chances que ce ne soit pas ses épines à lui! Secouez votre sapin un bon coup avant de le décorer, les épines qui ne sont pas accrochées tomberont et votre sapin restera beau pour la période des fêtes!</div>",2025-06-29 22:30:39.561167
23_bLWdqSQOn2kKJ3xshqA,sav-sapin-sec,Quoi faire si mon sapin est sec?,Quoi faire si mon sapin est sec?,"<p>Les sapins sont des plantes vivantes et elles ne réagissent pas toutes de la même façon lors de la coupe et nous n’avons aucun contrôle là-dessus. Chaque année nous améliorons nos méthodes d’entreposage et de livraison afin de protéger au maximum nos arbres et vous offrir la meilleure expérience.<br/><br/>Est-ce que votre sapin est réellement sec? Il y a un petit test rapide pour vous permettre de le savoir : Pliez une petite branche. Si celle-ci casse, cela confirme que votre sapin est sec. Si vous avez reçu un sapin sec, vous avez 1 semaine suite à la réception de votre arbre pour nous contacter via le <a href=""/pages/contact?question=jai-un-probleme-avec-mon-sapin"" title=""/pages/contact?question=jai-un-probleme-avec-mon-sapin"">formulaire de contact</a>. Nous vous reviendrons ensuite rapidement pour prendre un arrangement avec vous. Assurez-vous de joindre à votre message des photos du sapin. Si vous avez reçu votre sapin il y a plus d'une semaine, nous ne pouvons vous garantir la fraîcheur puisque comme une fleur chez le fleuriste, si le sapin a été mal entretenu, il perdra rapidement de sa fraîcheur.</p>","<div>Les sapins sont des plantes vivantes et elles ne réagissent pas toutes de la même façon lors de la coupe et nous n’avons aucun contrôle là-dessus. Chaque année nous améliorons nos méthodes d’entreposage et de livraison afin de protéger au maximum nos arbres et vous offrir la meilleure expérience.<br/>​</div><div><br/></div><div>Est-ce que votre sapin est réellement sec? Il y a un petit test rapide pour vous permettre de le savoir : Pliez une petite branche. Si celle-ci casse, cela confirme que votre sapin est sec. Si vous avez reçu un sapin sec, vous avez 1 semaine suite à la réception de votre arbre pour nous contacter via le <a href=""https://www.bosapin.com/pages/contact?question=jai-un-probleme-avec-mon-sapin"" rel=""noopener noreferrer nofollow"" target=""_blank"">formulaire de contact</a>. Nous vous reviendrons ensuite rapidement pour prendre un arrangement avec vous. Assurez-vous de joindre à votre message des photos du sapin. Si vous avez reçu votre sapin il y a plus d&#39;une semaine, nous ne pouvons vous garantir la fraîcheur puisque comme une fleur chez le fleuriste, si le sapin a été mal entretenu, il perdra rapidement de sa fraîcheur.</div>",2025-06-29 22:30:39.561167
U8OWnwVmRvK_eAypAXfZWw,LDF-2,J'aimerais faire un levée de fond,J'aimerais faire un levée de fond,"<p>Avec la méthode “J’organise ma propre campagne”, vous ferez plus de profit par arbre vendu, mais vous aurez plus de travail à faire. Vous devrez vous occuper de comptabiliser les ventes et de nous fournir le décompte des arbres vendus afin que nous puissions effectuer une livraison unique à votre organisme, qui devra gérer la distribution des arbres.<br/><br/>Avec la méthode “Bôsapin supporte ma campagne”, vous n’avez qu’à promouvoir votre code promotionnel auprès de votre communauté et à inviter les gens à se rendre sur notre site web pour passer leur commande en utilisant votre code promo. Vous recevrez une ristourne de 20% sur tout achat avant taxes et livraison. </p>","<div>Avec la méthode “J’organise ma propre campagne”, vous ferez plus de profit par arbre vendu, mais vous aurez plus de travail à faire. Vous devrez vous occuper de comptabiliser les ventes et de nous fournir le décompte des arbres vendus afin que nous puissions effectuer une livraison unique à votre organisme, qui devra gérer la distribution des arbres.<br/>​</div><div><br/></div><div>Avec la méthode “Bôsapin supporte ma campagne”, vous n’avez qu’à promouvoir votre code promotionnel auprès de votre communauté et à inviter les gens à se rendre sur notre site web pour passer leur commande en utilisant votre code promo. Vous recevrez une ristourne de 20% sur tout achat avant taxes et livraison.</div>",2025-06-29 22:30:39.561167
Qv4nLtCRQyGjcqv1QC71Nw,LDF-3,"Y'a-il un minimum de ventes qui doit être atteint pour la formule ""Bôsapin s'occupe de ma campagne?","Y'a-il un minimum de ventes qui doit être atteint pour la formule ""Bôsapin s'occupe de ma campagne?""","<p>Il n’y a pas de minimum de vente, mais nous ne remboursons pas de ristourne si cette dernière est de moins de 40$. (Alors il doit y avoir un minimum de 4 commandes environ 😉)</p>","<div>Il n’y a pas de minimum de vente, mais nous ne remboursons pas de ristourne si cette dernière est de moins de 40$. (Alors il doit y avoir un minimum de 4 commandes environ)</div>",2025-06-29 22:30:39.561167
ACXonfCySUe-4PrIiiVCug,LDF-4,"Y'a-il un minimum de ventes qui doit être atteint pour la formule pour ""J'organise ma propre campagne""?","Y'a-il un minimum de ventes qui doit être atteint pour la formule pour ""J'organise ma propre campagne""?",<p>Des frais de livraison de 75$ vous seront facturés si nous devons effectuer une livraison de moins de 15 sapins. </p>,<div>Des frais de livraison de 75$ vous seront facturés si nous devons effectuer une livraison de moins de 15 sapins.</div>,2025-06-29 22:30:39.561167
q3l-80pKTM-1EwxEM4_DCQ,LDF-5,"Dans le cadre d'une campagne de financement, est-ce les mêmes zones de livraison et le même service?","Dans le cadre d'une campagne de financement, est-ce les mêmes zones de livraison et le même service?","<p>Oui ! Nos soldats de bois se rendent dans les mêmes zones de livraison pour les commandes réalisées dans le cadre d'une campagne de financement. Pour connaître les zones desservies, consultez la <a href=""/pages/zones-desservies"" title=""/pages/zones-desservies"">carte ici</a> ou utilisez notre validateur de codes postaux.</p>","<div>Oui ! Nos soldats de bois se rendent dans les mêmes zones de livraison pour les commandes réalisées dans le cadre d&#39;une campagne de financement. Pour connaître les zones desservies, <a href=""https://www.bosapin.com/pages/zones-desservies"" rel=""noopener noreferrer nofollow"" target=""_blank"">consultez la carte</a> ou utilisez notre validateur de codes postaux.</div>",2025-06-29 22:30:39.561167
YDwIbXcXSweXGF2EjWRc_A,CLI-1,Comment procéder pour créer un compte client?,Comment procéder pour créer un compte client?,"<p>Remplissez le <a href=""/account/register"" title=""Formulaire de création de compte"">formulaire d'inscription</a>. Nous vous enverrons un courriel pour vous permettre de confirmer votre inscription.</p>","<div>Remplissez le <a href=""https://www.bosapin.com/account/register"" rel=""noopener noreferrer nofollow"" target=""_blank"">formulaire d&#39;inscription</a>. Nous vous enverrons un courriel pour vous permettre de confirmer votre inscription.</div>",2025-06-29 22:30:39.561167
RTwPnRwjTk2dYFsjG_ufcw,CLI-2,Quels sont les avantages d'avoir un compte client?,Quels sont les avantages d'avoir un compte client?,<p>Le compte client vous donne accès à l’historique et à la gestion de vos commandes. Il vous permet également de passer plus rapidement à la caisse en ayant vos informations pré-remplies. </p>,<div>Le compte client vous donne accès à l’historique et à la gestion de vos commandes. Il vous permet également de passer plus rapidement à la caisse en ayant vos informations pré-remplies.</div>,2025-06-29 22:30:39.561167
72Xx1LLTQMKG_YxLbQbvRw,cli-3,Comment modifier les informations de mon compte client?,Comment modifier les informations de mon compte client?,<p>Connectez-vous à votre compte et accéder à la section Informations de votre compte client. Vous pourrez mettre à jour vos informations de contact et de paiement. </p>,<div>Connectez-vous à votre compte et accéder à la section Informations de votre compte client. Vous pourrez mettre à jour vos informations de contact et de paiement.</div>,2025-06-29 22:30:39.561167
iACPILnaTTSIG2vmwnXLKQ,cli-4,Puis-je changer le courriel pour mon abonnement à l'infolettre?,Puis-je changer le courriel pour mon abonnement à l'infolettre?,"<p>Si vous possédez un compte client, rendez-vous dans votre compte dans la section Informations pour modifier l'adresse e-mail de votre compte. Si vous ne possédez pas de compte client, désabonnez-vous de notre infolettre en cliquant sur le lien Se désabonner en bas d'un email reçu précédemment et réabonner vous avec votre nouveau courriel.</p>","<div>Si vous possédez un compte client, rendez-vous dans votre compte dans la section Informations pour modifier l&#39;adresse e-mail de votre compte. Si vous ne possédez pas de compte client, désabonnez-vous de notre infolettre en cliquant sur le lien Se désabonner en bas d&#39;un email reçu précédemment et réabonner vous avec votre nouveau courriel.</div>",2025-06-29 22:30:39.561167
cYWVJoUURDiob-ERCnMurw,cli-5,Comment faire pour récupérer un mot de passe oublié?,Comment faire pour récupérer un mot de passe oublié?,"<p><a href=""/account/login"" title=""/account/login"">Cliquez ici</a> et cliquez sur Mot de passe oublié. Nous vous enverrons un courriel pour vous permettre de choisir un nouveau mot de passe.</p>","<div><a href=""https://www.bosapin.com/account/login"" rel=""noopener noreferrer nofollow"" target=""_blank"">Cliquez ici</a> et cliquez sur Mot de passe oublié. Nous vous enverrons un courriel pour vous permettre de choisir un nouveau mot de passe.</div>",2025-06-29 22:30:39.561167
AcIp4sEnQ6ag_8D52eViPw,div-livreur,J'aimerais devenir livreur,J'aimerais devenir livreur,"<p>Pour postuler, contactez-nous via le <a href=""/pages/contact?question=demande-demploi"" title=""/pages/contact?question=demande-demploi"">formulaire de contact</a> en nous expliquant pourquoi vous seriez un bon soldat de bois.</p>","<div>Pour postuler, contactez-nous via le <a href=""https://www.bosapin.com/pages/contact?question=demande-demploi"" rel=""noopener noreferrer nofollow"" target=""_blank"">formulaire de contact</a> en nous expliquant pourquoi vous seriez un bon soldat de bois.</div>",2025-06-29 22:30:39.561167
